name|city|num
Riley Roman|Andalucia|07 71 85 78 82
Brielle Riddle|Andalucia|06 93 68 88 85
Heather Leonard|Catalunya|07 80 33 29 44
Hermione Ray|Galicia|04 14 62 26 79
Anne Conrad|Madrid|08 74 59 49 57
Indigo Dunn|Andalucia|06 63 07 35 17
Emi Cooke|Comunitat Valenciana|09 49 15 77 75
Jaquelyn Ball|Cantabria|02 46 41 45 60
Keelie Kidd|Euskadi|06 25 67 29 46
Alma Knapp|Catalunya|03 48 14 19 75
Hanna Jackson|Castilla - La Mancha|01 00 26 61 75
Vanna Fitzpatrick|Andalucia|03 61 43 01 01
Jocelyn Briggs|Andalucia|04 78 07 88 21
Shafira Cameron|Madrid|06 56 18 05 28
Kellie Daugherty|Madrid|01 49 98 37 34
Nora Forbes|Andalucia|03 96 03 56 94
Martina Goodwin|Andalucia|02 22 94 19 81
Jescie Bullock|Murcia|05 10 55 55 34
Quon Bird|Castilla y Leon|08 62 51 85 41
Evangeline Norman|Madrid|04 63 93 62 78
Abigail Leblanc|Cantabria|01 98 95 32 34
Vanna Hartman|Madrid|08 45 61 71 61
Hyacinth Odom|Comunitat Valenciana|09 29 82 07 32
Freya Morse|Illes Balears|03 89 39 20 70
Shana Bray|Comunitat Valenciana|04 01 79 62 23
Octavia Williamson|Madrid|07 89 62 53 78
Josephine Leon|Madrid|07 49 61 01 21
Macey Farrell|Andalucia|08 03 64 64 84
Urielle Martinez|Andalucia|02 52 07 59 42
Danielle Head|Andalucia|06 47 17 88 00
Lila Russo|Catalunya|02 67 64 25 19
Hadley Terrell|Andalucia|02 36 09 02 68
Rebecca Craft|Euskadi|02 56 30 28 81
Indira Miles|Andalucia|04 55 47 60 95
Kellie Hunt|Castilla - La Mancha|08 90 02 95 95
Kyla Travis|Illes Balears|03 36 49 58 56
Colleen Thornton|Aragon|07 09 63 40 49
Yuri Dudley|Galicia|01 23 63 07 77
Sydnee Oneal|Andalucia|03 20 28 07 58
Destiny Kaufman|Aragon|03 08 34 30 76
Lisandra Maldonado|Andalucia|07 10 87 78 71
Lunea Salas|Comunitat Valenciana|09 57 22 81 60
Kimberley May|Comunitat Valenciana|05 39 76 81 27
Halee Jordan|Madrid|09 64 36 69 54
Kiayada Brown|Madrid|01 52 82 27 46
Tallulah Vincent|Castilla y Leon|04 83 21 05 61
Karleigh Garza|Andalucia|06 44 95 88 83
April Curtis|Andalucia|02 94 32 94 98
Kiona Mccall|Galicia|02 18 15 14 94
Roary Buck|Comunitat Valenciana|06 51 38 64 59
Keely Floyd|Castilla - La Mancha|02 13 93 36 11
Audra Roman|Catalunya|06 07 23 03 09
Anastasia Davenport|Comunitat Valenciana|02 56 61 01 11
Sylvia Beck|Euskadi|09 05 09 43 11
Adara Ward|Galicia|07 38 29 24 30
Brenda Durham|Euskadi|08 21 39 36 53
Iola Leach|Murcia|08 98 64 84 81
Callie Wilcox|Catalunya|04 86 56 99 09
Maris Brady|Catalunya|01 57 49 88 83
Evelyn Luna|La Rioja|02 50 41 46 59
Inez Paul|Catalunya|04 92 17 89 28
Eve Benson|Galicia|01 54 47 40 84
Irene Waters|Catalunya|04 13 58 95 06
Megan Bowen|Madrid|05 51 70 95 74
Idola Hancock|Andalucia|04 37 16 15 15
Olga Cochran|Castilla - La Mancha|03 78 55 07 06
Isadora Poole|Andalucia|06 29 65 63 47
Aurora Navarro|Andalucia|04 93 99 33 35
Portia Diaz|Castilla - La Mancha|06 62 82 46 27
Leilani Stafford|Catalunya|08 60 39 65 71
Samantha Cain|Comunitat Valenciana|07 43 78 40 54
Ciara Montgomery|Comunitat Valenciana|01 16 05 34 80
Dawn Clayton|Andalucia|08 38 14 26 23
Vanna Cameron|Comunitat Valenciana|06 00 54 35 89
Kitra Sears|Catalunya|08 26 25 08 73
Candace Davenport|Madrid|01 98 00 61 10
Danielle Strong|Comunitat Valenciana|07 62 99 44 58
Katell Cooley|Catalunya|07 03 59 15 95
Avye Parks|Castilla - La Mancha|04 97 33 66 82
Lavinia Turner|Catalunya|08 35 80 69 30
Kristen Kramer|Castilla - La Mancha|08 04 11 69 20
Leigh Humphrey|Andalucia|08 22 76 15 26
Patience Spears|Andalucia|02 18 40 19 47
Dacey Alvarado|Galicia|07 58 38 54 57
Amanda Raymond|Madrid|05 44 63 66 76
Serina Suarez|Andalucia|09 20 83 17 56
Colette Rice|Comunitat Valenciana|06 40 86 00 94
Candice Shepard|Principado de Asturias|02 99 64 69 81
Cora Ayala|Comunitat Valenciana|02 71 73 04 48
Cassidy Hyde|Illes Balears|08 66 71 98 07
Maryam Potts|Castilla y Leon|06 82 19 09 60
Emily Jimenez|Andalucia|02 46 08 53 51
Katell Abbott|Catalunya|01 38 29 46 50
Yael Allison|Comunitat Valenciana|08 49 87 17 13
Ruby Blackburn|Cantabria|04 10 68 72 30
Fallon Hebert|Illes Balears|09 67 59 76 21
Beatrice Cross|Euskadi|04 29 65 74 25
Alexandra Rich|Murcia|01 60 09 23 04
Joan Hull|Canarias|02 84 48 42 31
Carissa Dodson|Castilla - La Mancha|01 93 96 06 04
